filter0	FBgn0086910	-1	1.92942e-14	1.26763e-11	2.47237e-11	14	GAGGGGGGGGGGGGA	GGGGGGGGGGGGGACGTGT	+	
filter0	FBgn0036179_2	0	1.13457e-10	7.45415e-08	7.26925e-08	15	GAGGGGGGGGGGGGA	TAGGGGGTGGGGGGG	+	
filter0	FBgn0036179	1	1.02893e-09	6.76009e-07	4.39494e-07	15	GAGGGGGGGGGGGGA	GGGGGGGGGGGGGGGAAAAT	+	
filter0	FBgn0020309_2	0	1.10996e-08	7.29243e-06	3.55577e-06	15	GAGGGGGGGGGGGGA	GGGTGGGGGGGGGGG	+	
filter0	FBgn0086910_2	0	2.30625e-08	1.51521e-05	5.91049e-06	15	GAGGGGGGGGGGGGA	GGGGGGGGGGGGGGG	+	
filter0	FBgn0020309	-2	1.22532e-06	0.000805034	0.000261689	13	GAGGGGGGGGGGGGA	GGGGAGGGGGGGGGT	-	
filter0	FBgn0039169	-1	3.33076e-05	0.0218831	0.00609722	14	GAGGGGGGGGGGGGA	AGGGGGCGGGGCCAA	+	
filter0	FBgn0003002_3	1	6.22169e-05	0.0408765	0.00996564	14	GAGGGGGGGGGGGGA	CCGCGGGGGGTCTGG	-	
filter0	FBgn0039169_2	-1	0.000113879	0.0748186	0.0162139	14	GAGGGGGGGGGGGGA	AGTGGGCGGGGCCAA	+	
filter0	FBgn0003002_2	-4	0.000182311	0.119778	0.0189075	11	GAGGGGGGGGGGGGA	CGGTGGGGGGGCT	-	
filter0	FBgn0035454_2	1	0.000191742	0.125975	0.0189075	14	GAGGGGGGGGGGGGA	GGTGGGTGTGGCTGG	+	
filter0	FBgn0034946_3	-1	0.000194831	0.128004	0.0189075	14	GAGGGGGGGGGGGGA	GGGGGGCGTGGCCG	+	
filter0	FBgn0039039_2	0	0.000204431	0.134311	0.0189075	15	GAGGGGGGGGGGGGA	TCTGTGGGGGGTCTG	+	
filter0	FBgn0003499_2	-2	0.00020776	0.136498	0.0189075	13	GAGGGGGGGGGGGGA	GTGCGTGGGCGGGG	+	
filter0	FBgn0013469_2	1	0.000232222	0.15257	0.0189075	14	GAGGGGGGGGGGGGA	TGCGTGGGTGGGGGG	+	
filter0	FBgn0020378_2	0	0.000236085	0.155108	0.0189075	14	GAGGGGGGGGGGGGA	AAGTGGGCGTGGCC	+	
filter0	FBgn0005630_19	-3	0.000298838	0.196337	0.0225255	12	GAGGGGGGGGGGGGA	GGTGGGGGGCTGGGG	+	
filter0	FBgn0003499	-2	0.000323658	0.212644	0.023041	13	GAGGGGGGGGGGGGA	GTGCGTGGGCGTGG	+	
filter0	FBgn0003870_5	1	0.000433339	0.284703	0.0292254	14	GAGGGGGGGGGGGGA	TTTGGGGGTTGTTTT	-	
filter0	FBgn0034946_2	0	0.000460672	0.302662	0.0295154	15	GAGGGGGGGGGGGGA	AGGTGGGCGTGGCTG	+	
filter0	FBgn0039039	-3	0.000498671	0.327627	0.0304286	12	GAGGGGGGGGGGGGA	CTGTGGGGGGTCGT	+	
filter0	FBgn0000233	-5	0.000550808	0.361881	0.0320822	10	GAGGGGGGGGGGGGA	AGGGGGCGGA	+	
filter0	FBgn0025679_2	1	0.000598185	0.393008	0.0333269	13	GAGGGGGGGGGGGGA	GTAGGGGGCGTATC	+	
filter0	FBgn0005630_5	-5	0.000641152	0.421237	0.0339279	9	GAGGGGGGGGGGGGA	ATTGGGGGG	-	
filter0	FBgn0033782_2	-2	0.000661927	0.434886	0.0339279	13	GAGGGGGGGGGGGGA	TCCGCGGGGGGTCTG	+	
filter0	FBgn0040765_2	0	0.000806614	0.529946	0.0397539	14	GAGGGGGGGGGGGGA	AAATGGGCGTGGCC	+	
filter0	FBgn0013469	-3	0.000842328	0.55341	0.0399765	11	GAGGGGGGGGGGGGA	TGCGTGGGTGG	+	
filter0	FBgn0038418_2	9	0.00100951	0.663245	0.0461995	15	GAGGGGGGGGGGGGA	CCCCCCACAAAACAAGGAGGGGAAC	+	
filter2	FBgn0036179	1	8.68694e-09	5.70732e-06	1.11402e-05	15	TGGGGGGGGGGGGGC	GGGGGGGGGGGGGGGAAAAT	+	
filter2	FBgn0036179_2	-1	3.32482e-08	2.18441e-05	1.69352e-05	14	TGGGGGGGGGGGGGC	TAGGGGGTGGGGGGG	+	
filter2	FBgn0020309_2	-1	3.96172e-08	2.60285e-05	1.69352e-05	14	TGGGGGGGGGGGGGC	GGGTGGGGGGGGGGG	+	
filter2	FBgn0086910_2	0	4.32247e-07	0.000283986	0.000114545	15	TGGGGGGGGGGGGGC	GGGGGGGGGGGGGGG	+	
filter2	FBgn0086910	-1	4.46601e-07	0.000293417	0.000114545	14	TGGGGGGGGGGGGGC	GGGGGGGGGGGGGACGTGT	+	
filter2	FBgn0020309	0	5.45365e-07	0.000358305	0.000116564	15	TGGGGGGGGGGGGGC	GGGGAGGGGGGGGGT	-	
filter2	FBgn0003002_3	1	1.64772e-05	0.0108255	0.00301865	14	TGGGGGGGGGGGGGC	CCGCGGGGGGTCTGG	-	
filter2	FBgn0013469_2	-1	6.23472e-05	0.0409621	0.00999434	14	TGGGGGGGGGGGGGC	TGCGTGGGTGGGGGG	+	
filter2	FBgn0005630_19	0	7.04525e-05	0.0462873	0.0100388	15	TGGGGGGGGGGGGGC	GGTGGGGGGCTGGGG	+	
filter2	FBgn0034946_3	-1	8.63888e-05	0.0567575	0.0110786	14	TGGGGGGGGGGGGGC	GGGGGGCGTGGCCG	+	
filter2	FBgn0039169	-3	0.000101199	0.0664876	0.0117981	12	TGGGGGGGGGGGGGC	AGGGGGCGGGGCCAA	+	
filter2	FBgn0003870_5	0	0.000136155	0.0894537	0.0134313	15	TGGGGGGGGGGGGGC	TTTGGGGGTTGTTTT	-	
filter2	FBgn0039039_2	1	0.000136155	0.0894537	0.0134313	14	TGGGGGGGGGGGGGC	TCTGTGGGGGGTCTG	+	
filter2	FBgn0039039	0	0.000186323	0.122414	0.0165197	14	TGGGGGGGGGGGGGC	CTGTGGGGGGTCGT	+	
filter2	FBgn0039169_2	-3	0.000193226	0.12695	0.0165197	12	TGGGGGGGGGGGGGC	AGTGGGCGGGGCCAA	+	
filter2	FBgn0003499_2	0	0.000234591	0.154126	0.0167651	14	TGGGGGGGGGGGGGC	GTGCGTGGGCGGGG	+	
filter2	FBgn0003499	1	0.000234591	0.154126	0.0167651	13	TGGGGGGGGGGGGGC	GTGCGTGGGCGTGG	+	
filter2	FBgn0034946_2	0	0.000243151	0.15975	0.0167651	15	TGGGGGGGGGGGGGC	AGGTGGGCGTGGCTG	+	
filter2	FBgn0025679_2	-1	0.000248388	0.163191	0.0167651	14	TGGGGGGGGGGGGGC	GTAGGGGGCGTATC	+	
filter2	FBgn0020378_2	-2	0.000262951	0.172759	0.0168606	13	TGGGGGGGGGGGGGC	AAGTGGGCGTGGCC	+	
filter2	FBgn0033782_2	2	0.000288359	0.189452	0.0176093	13	TGGGGGGGGGGGGGC	TCCGCGGGGGGTCTG	+	
filter2	FBgn0025679	-4	0.000331988	0.218116	0.0193521	8	TGGGGGGGGGGGGGC	GGGGGCGT	+	
filter2	FBgn0035454_2	-1	0.000361096	0.23724	0.0197045	14	TGGGGGGGGGGGGGC	GGTGGGTGTGGCTGG	+	
filter2	FBgn0033782	1	0.000368764	0.242278	0.0197045	13	TGGGGGGGGGGGGGC	CCGCGGGGGGTCTT	+	
filter2	FBgn0034946	-4	0.000393376	0.258448	0.0201788	11	TGGGGGGGGGGGGGC	GTGGGCGTGGC	+	
filter2	FBgn0003002_2	-1	0.000411543	0.270383	0.0202987	13	TGGGGGGGGGGGGGC	CGGTGGGGGGGCT	-	
filter2	FBgn0035454	-4	0.000556247	0.365454	0.0264199	11	TGGGGGGGGGGGGGC	GTGGGTGTGGC	+	
filter2	FBgn0020378	-4	0.000588923	0.386923	0.0269729	11	TGGGGGGGGGGGGGC	GTGGGCGTGGC	+	
filter2	FBgn0034810	-3	0.00067752	0.445131	0.0299607	12	TGGGGGGGGGGGGGC	GTTGGGCGTGGC	+	
filter2	FBgn0040765_2	-2	0.000712061	0.467824	0.0304385	13	TGGGGGGGGGGGGGC	AAATGGGCGTGGCC	+	
filter2	FBgn0005630_5	0	0.000742304	0.487694	0.0307077	9	TGGGGGGGGGGGGGC	ATTGGGGGG	-	
filter2	FBgn0000233	-3	0.000815525	0.5358	0.0326825	10	TGGGGGGGGGGGGGC	AGGGGGCGGA	+	
filter2	FBgn0034810_2	-5	0.00109018	0.716248	0.0423654	10	TGGGGGGGGGGGGGC	TGGGCGTGGCC	+	
filter6	FBgn0032979	-1	1.16843e-12	7.67659e-10	1.53246e-09	14	CGGGCGAGCGAGAGA	GAGCGAGCGAGAGA	+	
filter7	FBgn0003870	-2	1.56329e-16	1.02708e-13	2.04017e-13	9	CGAAGGATAATGGGG	AAGGATAAT	+	
filter7	FBgn0003870_6	-2	3.64745e-06	0.00239638	0.00238006	11	CGAAGGATAATGGGG	AAGGACACCCC	+	
filter7	FBgn0003870_3	-2	0.000106752	0.0701359	0.0464388	7	CGAAGGATAATGGGG	AAGGACA	+	
