filter0	FBgn0086910	-2	9.29612e-09	6.10755e-06	1.19441e-05	13	TAAGGGAGTGGGGGT	GGGGGGGGGGGGGACGTGT	+	
filter0	FBgn0036179_2	-1	2.07347e-07	0.000136227	0.000133205	14	TAAGGGAGTGGGGGT	TAGGGGGTGGGGGGG	+	
filter0	FBgn0035454_2	0	4.59952e-06	0.00302189	0.0019436	15	TAAGGGAGTGGGGGT	GGTGGGTGTGGCTGG	+	
filter0	FBgn0086910_2	-2	6.05082e-06	0.00397539	0.0019436	13	TAAGGGAGTGGGGGT	GGGGGGGGGGGGGGG	+	
filter0	FBgn0013469_2	0	2.06534e-05	0.0135693	0.004813	15	TAAGGGAGTGGGGGT	TGCGTGGGTGGGGGG	+	
filter0	FBgn0003870_5	0	2.24758e-05	0.0147666	0.004813	15	TAAGGGAGTGGGGGT	TTTGGGGGTTGTTTT	-	
filter0	FBgn0040765_2	1	3.98889e-05	0.026207	0.00700038	13	TAAGGGAGTGGGGGT	AAATGGGCGTGGCC	+	
filter0	FBgn0020309_2	-1	4.35873e-05	0.0286369	0.00700038	14	TAAGGGAGTGGGGGT	GGGTGGGGGGGGGGG	+	
filter0	FBgn0020309	0	5.12398e-05	0.0336645	0.00731504	15	TAAGGGAGTGGGGGT	GGGGAGGGGGGGGGT	-	
filter0	FBgn0036179	0	7.38656e-05	0.0485297	0.00949062	15	TAAGGGAGTGGGGGT	GGGGGGGGGGGGGGGAAAAT	+	
filter0	FBgn0034946_3	0	9.65676e-05	0.0634449	0.0112795	14	TAAGGGAGTGGGGGT	GGGGGGCGTGGCCG	+	
filter0	FBgn0034810	0	0.000128622	0.0845044	0.0137716	12	TAAGGGAGTGGGGGT	GTTGGGCGTGGC	+	
filter0	FBgn0025679_2	0	0.000178632	0.117361	0.017655	14	TAAGGGAGTGGGGGT	GTAGGGGGCGTATC	+	
filter0	FBgn0034810_2	-2	0.000224976	0.147809	0.0206472	11	TAAGGGAGTGGGGGT	TGGGCGTGGCC	+	
filter0	FBgn0020378_2	-1	0.000431337	0.283389	0.0369469	14	TAAGGGAGTGGGGGT	AAGTGGGCGTGGCC	+	
filter0	FBgn0034946_2	1	0.000490167	0.32204	0.0393619	14	TAAGGGAGTGGGGGT	AGGTGGGCGTGGCTG	+	
filter0	FBgn0003002_3	0	0.000563891	0.370477	0.0408784	15	TAAGGGAGTGGGGGT	CCGCGGGGGGTCTGG	-	
filter0	FBgn0003499_2	-3	0.000572684	0.376253	0.0408784	12	TAAGGGAGTGGGGGT	GTGCGTGGGCGGGG	+	
filter0	FBgn0039169_2	0	0.000647913	0.425679	0.0438142	15	TAAGGGAGTGGGGGT	AGTGGGCGGGGCCAA	+	
filter0	FBgn0039169	0	0.000694192	0.456084	0.0445966	15	TAAGGGAGTGGGGGT	AGGGGGCGGGGCCAA	+	
filter0	FBgn0035454	-1	0.000775988	0.509824	0.0474775	11	TAAGGGAGTGGGGGT	GTGGGTGTGGC	+	
filter6	FBgn0086910	-1	2.89919e-12	1.90477e-09	3.71796e-09	14	GGGGGGGGGGGGGGA	GGGGGGGGGGGGGACGTGT	+	
filter6	FBgn0036179_2	0	1.86805e-09	1.22731e-06	1.1978e-06	15	GGGGGGGGGGGGGGA	TAGGGGGTGGGGGGG	+	
filter6	FBgn0036179	0	2.88892e-09	1.89802e-06	1.23493e-06	15	GGGGGGGGGGGGGGA	GGGGGGGGGGGGGGGAAAAT	+	
filter6	FBgn0020309_2	0	5.87129e-09	3.85744e-06	1.88235e-06	15	GGGGGGGGGGGGGGA	GGGTGGGGGGGGGGG	+	
filter6	FBgn0086910_2	0	8.17273e-09	5.36948e-06	2.09616e-06	15	GGGGGGGGGGGGGGA	GGGGGGGGGGGGGGG	+	
filter6	FBgn0020309	0	2.62626e-08	1.72545e-05	5.61325e-06	15	GGGGGGGGGGGGGGA	GGGGAGGGGGGGGGT	-	
filter6	FBgn0003002_3	1	2.00882e-06	0.0013198	0.00036802	14	GGGGGGGGGGGGGGA	CCGCGGGGGGTCTGG	-	
filter6	FBgn0039169	0	1.80489e-05	0.0118581	0.00289327	15	GGGGGGGGGGGGGGA	AGGGGGCGGGGCCAA	+	
filter6	FBgn0003499_2	-1	4.91731e-05	0.0323067	0.00562758	14	GGGGGGGGGGGGGGA	GTGCGTGGGCGGGG	+	
filter6	FBgn0013469_2	0	4.95916e-05	0.0325817	0.00562758	15	GGGGGGGGGGGGGGA	TGCGTGGGTGGGGGG	+	
filter6	FBgn0039039_2	1	4.95916e-05	0.0325817	0.00562758	14	GGGGGGGGGGGGGGA	TCTGTGGGGGGTCTG	+	
filter6	FBgn0003499	-1	5.66255e-05	0.037203	0.00562758	14	GGGGGGGGGGGGGGA	GTGCGTGGGCGTGG	+	
filter6	FBgn0039169_2	0	5.70476e-05	0.0374803	0.00562758	15	GGGGGGGGGGGGGGA	AGTGGGCGGGGCCAA	+	
filter6	FBgn0003002_2	-3	6.30324e-05	0.0414123	0.00577383	12	GGGGGGGGGGGGGGA	CGGTGGGGGGGCT	-	
filter6	FBgn0034946_3	0	7.48479e-05	0.0491751	0.00639906	14	GGGGGGGGGGGGGGA	GGGGGGCGTGGCCG	+	
filter6	FBgn0005630_19	0	9.23828e-05	0.0606955	0.00740455	15	GGGGGGGGGGGGGGA	GGTGGGGGGCTGGGG	+	
filter6	FBgn0039039	0	9.85174e-05	0.0647259	0.00743176	14	GGGGGGGGGGGGGGA	CTGTGGGGGGTCGT	+	
filter6	FBgn0035454_2	0	0.000168612	0.110778	0.0120128	15	GGGGGGGGGGGGGGA	GGTGGGTGTGGCTGG	+	
filter6	FBgn0020378_2	0	0.000180097	0.118323	0.0121557	14	GGGGGGGGGGGGGGA	AAGTGGGCGTGGCC	+	
filter6	FBgn0025679_2	0	0.000249621	0.164001	0.015482	14	GGGGGGGGGGGGGGA	GTAGGGGGCGTATC	+	
filter6	FBgn0033782_2	1	0.000265596	0.174496	0.015482	14	GGGGGGGGGGGGGGA	TCCGCGGGGGGTCTG	+	
filter6	FBgn0003870_5	2	0.000265596	0.174496	0.015482	13	GGGGGGGGGGGGGGA	TTTGGGGGTTGTTTT	-	
filter6	FBgn0034946_2	1	0.000413587	0.271727	0.0230604	14	GGGGGGGGGGGGGGA	AGGTGGGCGTGGCTG	+	
filter6	FBgn0013469	-2	0.000470866	0.309359	0.0251602	11	GGGGGGGGGGGGGGA	TGCGTGGGTGG	+	
filter6	FBgn0005630_5	-1	0.000501285	0.329344	0.0257142	9	GGGGGGGGGGGGGGA	ATTGGGGGG	-	
filter6	FBgn0000233	0	0.000630379	0.414159	0.0310925	10	GGGGGGGGGGGGGGA	AGGGGGCGGA	+	
filter6	FBgn0033782	0	0.000817882	0.537349	0.0388467	14	GGGGGGGGGGGGGGA	CCGCGGGGGGTCTT	+	
filter7	FBgn0003870	-5	2.20929e-14	1.4515e-11	2.86984e-11	9	TGATGAAGGATAATC	AAGGATAAT	+	
filter7	FBgn0003870_6	-5	2.2723e-05	0.014929	0.0147585	10	TGATGAAGGATAATC	AAGGACACCCC	+	
filter7	FBgn0005630_22	-1	7.09162e-05	0.0465919	0.0276984	14	TGATGAAGGATAATC	AACCCAACATAAAAA	-	
filter7	FBgn0003870_3	-5	8.52922e-05	0.056037	0.0276984	7	TGATGAAGGATAATC	AAGGACA	+	
