filter2	FBgn0020309_2	2	1.26946e-07	8.34033e-05	0.000161521	13	CCCCCCCCCTTTTCC	CCCCCCCCCCCACCC	-	
filter2	FBgn0038418_2	3	3.2949e-07	0.000216475	0.000209615	15	CCCCCCCCCTTTTCC	GTTCCCCTCCTTGTTTTGTGGGGGG	-	
filter2	FBgn0036179_2	4	1.92832e-05	0.012669	0.00544187	11	CCCCCCCCCTTTTCC	CCCCCCCACCCCCTA	-	
filter2	FBgn0036179	5	2.20267e-05	0.0144715	0.00544187	15	CCCCCCCCCTTTTCC	ATTATCCCCCCCCCCCCCCC	-	
filter2	FBgn0039039_2	3	2.42204e-05	0.0159128	0.00544187	12	CCCCCCCCCTTTTCC	CAGACCCCCCACAGA	-	
filter2	FBgn0005630_5	-1	2.56619e-05	0.0168599	0.00544187	9	CCCCCCCCCTTTTCC	CCCCCCACT	+	
filter2	FBgn0020309	3	3.03392e-05	0.0199329	0.00551464	12	CCCCCCCCCTTTTCC	ACCCCCCCCCTCCCC	+	
filter2	FBgn0033782_2	3	3.79071e-05	0.024905	0.00602894	12	CCCCCCCCCTTTTCC	CAGACCCCCCGCGGA	-	
filter2	FBgn0004859_2	1	4.34678e-05	0.0285583	0.00614519	12	CCCCCCCCCTTTTCC	GACCACCCACGAC	+	
filter2	FBgn0003002_3	4	5.08398e-05	0.0334018	0.00646866	11	CCCCCCCCCTTTTCC	CCAGACCCCCCGCGG	+	
filter2	FBgn0086910_2	1	6.31675e-05	0.041501	0.00730653	14	CCCCCCCCCTTTTCC	CCCCCCCCCCCCCCC	-	
filter2	FBgn0003002	1	0.000114408	0.0751662	0.0121307	11	CCCCCCCCCTTTTCC	GACCCCCCGCTG	+	
filter2	FBgn0033782	3	0.00013788	0.0905872	0.0134949	11	CCCCCCCCCTTTTCC	AAGACCCCCCGCGG	-	
filter2	FBgn0040765_2	3	0.000195085	0.128171	0.0160364	11	CCCCCCCCCTTTTCC	GGCCACGCCCATTT	-	
filter2	FBgn0025679_2	4	0.000195085	0.128171	0.0160364	10	CCCCCCCCCTTTTCC	GATACGCCCCCTAA	-	
filter2	FBgn0025679	1	0.000218254	0.143393	0.0160364	7	CCCCCCCCCTTTTCC	ACGCCCCC	-	
filter2	FBgn0039039	3	0.000223711	0.146978	0.0160364	11	CCCCCCCCCTTTTCC	ACGACCCCCCACAG	-	
filter2	FBgn0003870_5	4	0.000235781	0.154908	0.0160364	11	CCCCCCCCCTTTTCC	AAAACAACCCCCAAA	+	
filter2	FBgn0003499_2	3	0.000239469	0.157331	0.0160364	11	CCCCCCCCCTTTTCC	CCCCGCCCACGCAC	-	
filter2	FBgn0003499	3	0.000274181	0.180137	0.0174429	11	CCCCCCCCCTTTTCC	CCCCGCCCACGCAC	-	
filter2	FBgn0020378_2	3	0.000293268	0.192677	0.0177687	11	CCCCCCCCCTTTTCC	GGCCACGCCCACTT	-	
filter2	FBgn0004914	3	0.000328298	0.215692	0.018987	12	CCCCCCCCCTTTTCC	TGACCCCGCCAAAAA	+	
filter2	FBgn0039169	5	0.000374142	0.245812	0.0206976	10	CCCCCCCCCTTTTCC	TTGGCCCCGCCCCCT	-	
filter2	FBgn0005630_19	6	0.00039927	0.262321	0.0211673	9	CCCCCCCCCTTTTCC	CCCCAGCCCCCCACC	-	
filter2	FBgn0000233	1	0.000436404	0.286718	0.0222106	9	CCCCCCCCCTTTTCC	TCCGCCCCCT	-	
filter2	FBgn0039169_2	4	0.000550679	0.361796	0.0269486	11	CCCCCCCCCTTTTCC	TTGGCCCCGCCCACT	-	
filter2	FBgn0005630_24	2	0.00068742	0.451635	0.0313352	12	CCCCCCCCCTTTTCC	TGCACCACCGGGGG	+	
filter2	FBgn0038766_2	6	0.000689572	0.453049	0.0313352	15	CCCCCCCCCTTTTCC	GTGTTGCCAACCACCTTCACCCCAT	-	
filter2	FBgn0034810	2	0.000748025	0.491452	0.0328049	10	CCCCCCCCCTTTTCC	GCCACGCCCATT	-	
filter2	FBgn0003002_2	2	0.000773479	0.508176	0.0328049	11	CCCCCCCCCTTTTCC	ATCCCCCCCACCG	+	
filter2	FBgn0035454_2	5	0.000910035	0.597893	0.0373514	10	CCCCCCCCCTTTTCC	CCAGCCACACCCACC	-	
filter2	FBgn0001325_4	1	0.000967988	0.635968	0.0384885	14	CCCCCCCCCTTTTCC	GTTAACCCTTTCGCT	+	
filter2	FBgn0086910	7	0.00114953	0.755241	0.0435359	12	CCCCCCCCCTTTTCC	ACACGTCCCCCCCCCCCCC	-	
filter2	FBgn0034946_2	4	0.00116337	0.764331	0.0435359	11	CCCCCCCCCTTTTCC	CAGCCACGCCCACCT	-	
filter2	FBgn0005630_30	1	0.00131369	0.863093	0.0477568	14	CCCCCCCCCTTTTCC	CCAAACCCTCACAAA	-	
filter2	FBgn0033288	0	0.00137356	0.902429	0.0485463	15	CCCCCCCCCTTTTCC	CCCCCCACCCAACCAACCTAATTAA	-	
filter4	FBgn0020309_2	0	2.47862e-08	1.62845e-05	1.93188e-05	15	GCCCCCCCCCCCCGG	CCCCCCCCCCCACCC	-	
filter4	FBgn0039039_2	0	4.54425e-08	2.98557e-05	1.93188e-05	15	GCCCCCCCCCCCCGG	CAGACCCCCCACAGA	-	
filter4	FBgn0086910_2	0	4.54425e-08	2.98557e-05	1.93188e-05	15	GCCCCCCCCCCCCGG	CCCCCCCCCCCCCCC	-	
filter4	FBgn0003002_3	1	9.18407e-08	6.03394e-05	2.92829e-05	14	GCCCCCCCCCCCCGG	CCAGACCCCCCGCGG	+	
filter4	FBgn0086910	6	1.64381e-07	0.000107998	4.19296e-05	13	GCCCCCCCCCCCCGG	ACACGTCCCCCCCCCCCCC	-	
filter4	FBgn0036179_2	-1	3.88952e-07	0.000255542	8.26768e-05	14	GCCCCCCCCCCCCGG	CCCCCCCACCCCCTA	-	
filter4	FBgn0020309	2	8.99306e-07	0.000590844	0.000158809	13	GCCCCCCCCCCCCGG	ACCCCCCCCCTCCCC	+	
filter4	FBgn0033782_2	0	9.96152e-07	0.000654472	0.000158809	15	GCCCCCCCCCCCCGG	CAGACCCCCCGCGGA	-	
filter4	FBgn0003002_2	1	2.06155e-06	0.00135444	0.000292139	12	GCCCCCCCCCCCCGG	ATCCCCCCCACCG	+	
filter4	FBgn0039039	0	2.58779e-06	0.00170018	0.000330041	14	GCCCCCCCCCCCCGG	ACGACCCCCCACAG	-	
filter4	FBgn0036179	5	2.94084e-06	0.00193213	0.000340971	15	GCCCCCCCCCCCCGG	ATTATCCCCCCCCCCCCCCC	-	
filter4	FBgn0003499_2	0	5.11903e-06	0.0033632	0.000544058	14	GCCCCCCCCCCCCGG	CCCCGCCCACGCAC	-	
filter4	FBgn0005630_19	2	7.58936e-06	0.00498621	0.000744561	13	GCCCCCCCCCCCCGG	CCCCAGCCCCCCACC	-	
filter4	FBgn0033782	0	8.20629e-06	0.00539153	0.00074758	14	GCCCCCCCCCCCCGG	AAGACCCCCCGCGG	-	
filter4	FBgn0003499	0	4.43232e-05	0.0291204	0.00376859	14	GCCCCCCCCCCCCGG	CCCCGCCCACGCAC	-	
filter4	FBgn0003870_5	0	5.14515e-05	0.0338036	0.00393493	15	GCCCCCCCCCCCCGG	AAAACAACCCCCAAA	+	
filter4	FBgn0020378_2	0	5.24503e-05	0.0344598	0.00393493	14	GCCCCCCCCCCCCGG	GGCCACGCCCACTT	-	
filter4	FBgn0013469_2	2	7.73655e-05	0.0508291	0.00548168	13	GCCCCCCCCCCCCGG	CCCCCCACCCACGCA	-	
filter4	FBgn0004859_2	-2	9.41499e-05	0.0618565	0.00631982	13	GCCCCCCCCCCCCGG	GACCACCCACGAC	+	
filter4	FBgn0025679_2	0	0.000101194	0.0664845	0.00645303	14	GCCCCCCCCCCCCGG	GATACGCCCCCTAA	-	
filter4	FBgn0040765_2	0	0.000118794	0.0780475	0.00721461	14	GCCCCCCCCCCCCGG	GGCCACGCCCATTT	-	
filter4	FBgn0005630_30	0	0.000134824	0.0885795	0.00781598	15	GCCCCCCCCCCCCGG	CCAAACCCTCACAAA	-	
filter4	FBgn0039169_2	2	0.000157498	0.103476	0.00873346	13	GCCCCCCCCCCCCGG	TTGGCCCCGCCCACT	-	
filter4	FBgn0039169	2	0.000183725	0.120708	0.00959571	13	GCCCCCCCCCCCCGG	TTGGCCCCGCCCCCT	-	
filter4	FBgn0003002	-2	0.000188096	0.123579	0.00959571	12	GCCCCCCCCCCCCGG	GACCCCCCGCTG	+	
filter4	FBgn0035454_2	0	0.00026839	0.176332	0.0131653	15	GCCCCCCCCCCCCGG	CCAGCCACACCCACC	-	
filter4	FBgn0020378	0	0.000344959	0.226638	0.0162946	11	GCCCCCCCCCCCCGG	GCCACGCCCAC	-	
filter4	FBgn0034946_3	1	0.000377099	0.247754	0.0171766	13	GCCCCCCCCCCCCGG	CGGCCACGCCCCCC	-	
filter4	FBgn0005630_5	-4	0.000412269	0.270861	0.018131	9	GCCCCCCCCCCCCGG	CCCCCCACT	+	
filter4	FBgn0005630_24	0	0.000544458	0.357709	0.0231463	14	GCCCCCCCCCCCCGG	TGCACCACCGGGGG	+	
filter4	FBgn0000233	-1	0.000574944	0.377738	0.0236539	10	GCCCCCCCCCCCCGG	TCCGCCCCCT	-	
filter4	FBgn0034946_2	2	0.000599871	0.394115	0.0239082	13	GCCCCCCCCCCCCGG	CAGCCACGCCCACCT	-	
filter4	FBgn0038418_2	0	0.000683424	0.44901	0.0264128	15	GCCCCCCCCCCCCGG	GTTCCCCTCCTTGTTTTGTGGGGGG	-	
filter4	FBgn0034810_2	0	0.000812435	0.53377	0.030238	11	GCCCCCCCCCCCCGG	GGCCACGCCCA	-	
filter4	FBgn0033288	0	0.000847387	0.556733	0.030238	15	GCCCCCCCCCCCCGG	CCCCCCACCCAACCAACCTAATTAA	-	
filter4	FBgn0001325_4	0	0.000853527	0.560767	0.030238	15	GCCCCCCCCCCCCGG	GTTAACCCTTTCGCT	+	
filter4	FBgn0025679	0	0.00106976	0.702831	0.0359038	8	GCCCCCCCCCCCCGG	ACGCCCCC	-	
filter7	FBgn0003870	0	1.10304e-10	7.24696e-08	1.44448e-07	9	AAGGATAATATAGAA	AAGGATAAT	+	
filter7	FBgn0003870_6	0	1.59675e-06	0.00104907	0.00104551	11	AAGGATAATATAGAA	AAGGACACCCC	+	
filter7	FBgn0003870_3	0	7.49353e-05	0.0492325	0.0327105	7	AAGGATAATATAGAA	AAGGACA	+	
