filter0	FBgn0086910	-1	4.5757e-15	3.00624e-12	5.86334e-12	14	GAGGGGGGGGGGGGA	GGGGGGGGGGGGGACGTGT	+	
filter0	FBgn0036179_2	0	1.66038e-10	1.09087e-07	1.06381e-07	15	GAGGGGGGGGGGGGA	TAGGGGGTGGGGGGG	+	
filter0	FBgn0036179	1	1.27583e-09	8.38224e-07	5.44955e-07	15	GAGGGGGGGGGGGGA	GGGGGGGGGGGGGGGAAAAT	+	
filter0	FBgn0020309_2	0	1.35381e-08	8.8945e-06	4.33694e-06	15	GAGGGGGGGGGGGGA	GGGTGGGGGGGGGGG	+	
filter0	FBgn0086910_2	-1	2.38985e-08	1.57013e-05	6.12473e-06	14	GAGGGGGGGGGGGGA	GGGGGGGGGGGGGGG	+	
filter0	FBgn0020309	-1	8.43417e-07	0.000554125	0.000180127	14	GAGGGGGGGGGGGGA	GGGGAGGGGGGGGGT	-	
filter0	FBgn0039169	-1	1.98848e-05	0.0130643	0.00364007	14	GAGGGGGGGGGGGGA	AGGGGGCGGGGCCAA	+	
filter0	FBgn0039169_2	-1	5.79151e-05	0.0380502	0.00927659	14	GAGGGGGGGGGGGGA	AGTGGGCGGGGCCAA	+	
filter0	FBgn0003002_2	-4	7.17008e-05	0.0471074	0.0102087	11	GAGGGGGGGGGGGGA	CGGTGGGGGGGCT	-	
filter0	FBgn0003002_3	0	8.98805e-05	0.0590515	0.0111544	15	GAGGGGGGGGGGGGA	CCGCGGGGGGTCTGG	-	
filter0	FBgn0013469_2	1	0.000103814	0.0682061	0.0111544	14	GAGGGGGGGGGGGGA	TGCGTGGGTGGGGGG	+	
filter0	FBgn0003499_2	0	0.000121573	0.0798737	0.0111544	14	GAGGGGGGGGGGGGA	GTGCGTGGGCGGGG	+	
filter0	FBgn0020378_2	0	0.000121573	0.0798737	0.0111544	14	GAGGGGGGGGGGGGA	AAGTGGGCGTGGCC	+	
filter0	FBgn0035454_2	1	0.000128587	0.0844818	0.0111544	14	GAGGGGGGGGGGGGA	GGTGGGTGTGGCTGG	+	
filter0	FBgn0034946_3	-1	0.000130573	0.0857862	0.0111544	14	GAGGGGGGGGGGGGA	GGGGGGCGTGGCCG	+	
filter0	FBgn0039039_2	0	0.000224704	0.14763	0.0172455	15	GAGGGGGGGGGGGGA	TCTGTGGGGGGTCTG	+	
filter0	FBgn0003499	0	0.00022879	0.150315	0.0172455	14	GAGGGGGGGGGGGGA	GTGCGTGGGCGTGG	+	
filter0	FBgn0005630_5	-5	0.000316097	0.207676	0.0225027	9	GAGGGGGGGGGGGGA	ATTGGGGGG	-	
filter0	FBgn0003870_5	1	0.000337591	0.221797	0.022768	14	GAGGGGGGGGGGGGA	TTTGGGGGTTGTTTT	-	
filter0	FBgn0034946_2	0	0.000412298	0.27088	0.0261981	15	GAGGGGGGGGGGGGA	AGGTGGGCGTGGCTG	+	
filter0	FBgn0000233	-1	0.000443116	0.291127	0.0261981	10	GAGGGGGGGGGGGGA	AGGGGGCGGA	+	
filter0	FBgn0040765_2	0	0.000449785	0.295509	0.0261981	14	GAGGGGGGGGGGGGA	AAATGGGCGTGGCC	+	
filter0	FBgn0005630_19	0	0.000610643	0.401193	0.0333347	15	GAGGGGGGGGGGGGA	GGTGGGGGGCTGGGG	+	
filter0	FBgn0025679_2	1	0.000624339	0.410191	0.0333347	13	GAGGGGGGGGGGGGA	GTAGGGGGCGTATC	+	
filter0	FBgn0032979	0	0.000757728	0.497827	0.0388383	14	GAGGGGGGGGGGGGA	GAGCGAGCGAGAGA	+	
filter0	FBgn0013469	-3	0.000912554	0.599548	0.0449751	11	GAGGGGGGGGGGGGA	TGCGTGGGTGG	+	
filter0	FBgn0034810	-1	0.00100762	0.662008	0.0476409	12	GAGGGGGGGGGGGGA	GTTGGGCGTGGC	+	
filter0	FBgn0039039	0	0.001041	0.683937	0.0476409	14	GAGGGGGGGGGGGGA	CTGTGGGGGGTCGT	+	
filter0	FBgn0034810_2	-1	0.00111708	0.73392	0.0493597	11	GAGGGGGGGGGGGGA	TGGGCGTGGCC	+	
filter2	FBgn0036179_2	-1	1.15351e-09	7.57855e-07	1.47927e-06	14	TGGGGGGGGGGGGGG	TAGGGGGTGGGGGGG	+	
filter2	FBgn0020309_2	-1	2.93994e-09	1.93154e-06	1.88511e-06	14	TGGGGGGGGGGGGGG	GGGTGGGGGGGGGGG	+	
filter2	FBgn0036179	1	5.45063e-09	3.58107e-06	2.32999e-06	15	TGGGGGGGGGGGGGG	GGGGGGGGGGGGGGGAAAAT	+	
filter2	FBgn0086910_2	-1	9.90517e-09	6.5077e-06	3.17563e-06	14	TGGGGGGGGGGGGGG	GGGGGGGGGGGGGGG	+	
filter2	FBgn0086910	-2	2.91139e-08	1.91279e-05	7.46721e-06	13	TGGGGGGGGGGGGGG	GGGGGGGGGGGGGACGTGT	+	
filter2	FBgn0020309	0	1.00318e-07	6.5909e-05	2.14415e-05	15	TGGGGGGGGGGGGGG	GGGGAGGGGGGGGGT	-	
filter2	FBgn0003002_3	1	3.51323e-06	0.00230819	0.00064363	14	TGGGGGGGGGGGGGG	CCGCGGGGGGTCTGG	-	
filter2	FBgn0005630_19	0	1.11701e-05	0.00733875	0.00179058	15	TGGGGGGGGGGGGGG	GGTGGGGGGCTGGGG	+	
filter2	FBgn0034946_3	-1	3.06544e-05	0.0201399	0.00426759	14	TGGGGGGGGGGGGGG	GGGGGGCGTGGCCG	+	
filter2	FBgn0039039_2	0	3.32779e-05	0.0218636	0.00426759	15	TGGGGGGGGGGGGGG	TCTGTGGGGGGTCTG	+	
filter2	FBgn0003870_5	0	3.83148e-05	0.0251728	0.00446685	15	TGGGGGGGGGGGGGG	TTTGGGGGTTGTTTT	-	
filter2	FBgn0003499_2	-1	7.08355e-05	0.0465389	0.00703631	14	TGGGGGGGGGGGGGG	GTGCGTGGGCGGGG	+	
filter2	FBgn0013469_2	-1	7.13281e-05	0.0468626	0.00703631	14	TGGGGGGGGGGGGGG	TGCGTGGGTGGGGGG	+	
filter2	FBgn0034946_2	0	8.73482e-05	0.0573878	0.00800117	15	TGGGGGGGGGGGGGG	AGGTGGGCGTGGCTG	+	
filter2	FBgn0039169_2	-1	0.000130128	0.085494	0.0111252	14	TGGGGGGGGGGGGGG	AGTGGGCGGGGCCAA	+	
filter2	FBgn0039169	-1	0.000138949	0.0912898	0.0111369	14	TGGGGGGGGGGGGGG	AGGGGGCGGGGCCAA	+	
filter2	FBgn0003499	-1	0.000179713	0.118072	0.0135569	14	TGGGGGGGGGGGGGG	GTGCGTGGGCGTGG	+	
filter2	FBgn0033782_2	0	0.000192199	0.126275	0.0136932	15	TGGGGGGGGGGGGGG	TCCGCGGGGGGTCTG	+	
filter2	FBgn0035454_2	-1	0.000204939	0.134645	0.0138325	14	TGGGGGGGGGGGGGG	GGTGGGTGTGGCTGG	+	
filter2	FBgn0025679_2	-1	0.000247754	0.162774	0.0158861	14	TGGGGGGGGGGGGGG	GTAGGGGGCGTATC	+	
filter2	FBgn0003002_2	-2	0.000327891	0.215424	0.0200234	13	TGGGGGGGGGGGGGG	CGGTGGGGGGGCT	-	
filter2	FBgn0039039	0	0.000462807	0.304064	0.0258047	14	TGGGGGGGGGGGGGG	CTGTGGGGGGTCGT	+	
filter2	FBgn0020378_2	-2	0.000462807	0.304064	0.0258047	13	TGGGGGGGGGGGGGG	AAGTGGGCGTGGCC	+	
filter2	FBgn0005630_5	0	0.000634591	0.416926	0.0339086	9	TGGGGGGGGGGGGGG	ATTGGGGGG	-	
filter2	FBgn0034810	-3	0.000679272	0.446282	0.0348443	12	TGGGGGGGGGGGGGG	GTTGGGCGTGGC	+	
filter2	FBgn0033782	1	0.00100881	0.662787	0.049758	13	TGGGGGGGGGGGGGG	CCGCGGGGGGTCTT	+	
filter6	FBgn0032979	-1	2.17968e-14	1.43205e-11	2.86097e-11	14	CGCGCGAGCGAGAGA	GAGCGAGCGAGAGA	+	
filter7	FBgn0003870	-2	4.80272e-08	3.15538e-05	6.25323e-05	9	CGCAGGATAATTCCG	AAGGATAAT	+	
filter7	FBgn0003870_6	-2	1.28626e-05	0.00845073	0.00837368	11	CGCAGGATAATTCCG	AAGGACACCCC	+	
