filter0	FBgn0086910	1	2.57648e-05	0.0169275	0.0334161	15	CTCGGCTACACACCC	ACACGTCCCCCCCCCCCCC	-	
filter1	FBgn0086910	1	1.43908e-21	9.45475e-19	1.84983e-18	15	GGGGGGGGGGGGACG	GGGGGGGGGGGGGACGTGT	+	
filter1	FBgn0036179_2	2	1.15605e-08	7.59523e-06	5.51251e-06	13	GGGGGGGGGGGGACG	TAGGGGGTGGGGGGG	+	
filter1	FBgn0086910_2	1	1.28654e-08	8.45256e-06	5.51251e-06	14	GGGGGGGGGGGGACG	GGGGGGGGGGGGGGG	+	
filter1	FBgn0036179	3	4.42659e-08	2.90827e-05	1.42251e-05	15	GGGGGGGGGGGGACG	GGGGGGGGGGGGGGGAAAAT	+	
filter1	FBgn0020309_2	1	8.07778e-08	5.3071e-05	2.07668e-05	14	GGGGGGGGGGGGACG	GGGTGGGGGGGGGGG	+	
filter1	FBgn0020309	0	1.36551e-06	0.000897141	0.000292544	15	GGGGGGGGGGGGACG	GGGGAGGGGGGGGGT	-	
filter1	FBgn0005630_19	-1	7.02631e-06	0.00461629	0.00129026	14	GGGGGGGGGGGGACG	GGTGGGGGGCTGGGG	+	
filter1	FBgn0039039_2	0	1.40897e-05	0.00925695	0.00226392	15	GGGGGGGGGGGGACG	TCTGTGGGGGGTCTG	+	
filter1	FBgn0003002_3	-1	1.90487e-05	0.012515	0.00272063	14	GGGGGGGGGGGGACG	CCGCGGGGGGTCTGG	-	
filter1	FBgn0013469_2	0	2.56356e-05	0.0168426	0.00329526	15	GGGGGGGGGGGGACG	TGCGTGGGTGGGGGG	+	
filter1	FBgn0033782_2	0	5.67099e-05	0.0372584	0.00662695	15	GGGGGGGGGGGGACG	TCCGCGGGGGGTCTG	+	
filter1	FBgn0039039	-1	6.92009e-05	0.045465	0.00732145	14	GGGGGGGGGGGGACG	CTGTGGGGGGTCGT	+	
filter1	FBgn0003002_2	-1	7.50411e-05	0.049302	0.00732145	13	GGGGGGGGGGGGACG	CGGTGGGGGGGCT	-	
filter1	FBgn0003499_2	0	7.97403e-05	0.0523894	0.00732145	14	GGGGGGGGGGGGACG	GTGCGTGGGCGGGG	+	
filter1	FBgn0025679_2	0	0.000113113	0.0743151	0.00969322	14	GGGGGGGGGGGGACG	GTAGGGGGCGTATC	+	
filter1	FBgn0039169_2	0	0.000181794	0.119439	0.0130313	15	GGGGGGGGGGGGACG	AGTGGGCGGGGCCAA	+	
filter1	FBgn0039169	1	0.000181794	0.119439	0.0130313	14	GGGGGGGGGGGGACG	AGGGGGCGGGGCCAA	+	
filter1	FBgn0020378_2	-1	0.000182479	0.119889	0.0130313	14	GGGGGGGGGGGGACG	AAGTGGGCGTGGCC	+	
filter1	FBgn0034946_3	0	0.000195178	0.128232	0.0132046	14	GGGGGGGGGGGGACG	GGGGGGCGTGGCCG	+	
filter1	FBgn0003870_5	0	0.000207513	0.136336	0.0133372	15	GGGGGGGGGGGGACG	TTTGGGGGTTGTTTT	-	
filter1	FBgn0033782	-1	0.000310371	0.203914	0.0189981	14	GGGGGGGGGGGGACG	CCGCGGGGGGTCTT	+	
filter1	FBgn0003499	0	0.000331304	0.217667	0.0193576	14	GGGGGGGGGGGGACG	GTGCGTGGGCGTGG	+	
filter1	FBgn0000233	-2	0.000363933	0.239104	0.0203395	10	GGGGGGGGGGGGACG	AGGGGGCGGA	+	
filter1	FBgn0005630_5	-2	0.000429987	0.282502	0.0230299	9	GGGGGGGGGGGGACG	ATTGGGGGG	-	
filter1	FBgn0035454_2	0	0.000888625	0.583827	0.0456905	15	GGGGGGGGGGGGACG	GGTGGGTGTGGCTGG	+	
filter3	FBgn0003870	-7	1.2371e-08	8.12774e-06	1.61382e-05	8	ATTCCAGAAGGATAA	AAGGATAAT	+	
filter4	FBgn0032979	-1	1.02721e-13	6.74878e-11	1.34976e-10	14	CGAGCGAGCGAGAGA	GAGCGAGCGAGAGA	+	
filter5	FBgn0003870	-4	2.68783e-06	0.0017659	0.00352525	9	GGGGGAGGATAATTC	AAGGATAAT	+	
filter6	FBgn0003870	-1	4.49594e-15	2.95383e-12	5.88312e-12	9	CAAGGATAATCCTTG	AAGGATAAT	+	
filter6	FBgn0003870_6	-1	1.3312e-06	0.000874597	0.000870965	11	CAAGGATAATCCTTG	AAGGACACCCC	+	
filter6	FBgn0003870_3	-1	5.13936e-05	0.0337656	0.0224169	7	CAAGGATAATCCTTG	AAGGACA	+	
filter7	FBgn0086910	-1	3.19334e-13	2.09802e-10	4.09838e-10	14	CGGGGGGGGGGGGGA	GGGGGGGGGGGGGACGTGT	+	
filter7	FBgn0036179_2	1	4.31673e-09	2.83609e-06	2.77008e-06	14	CGGGGGGGGGGGGGA	TAGGGGGTGGGGGGG	+	
filter7	FBgn0086910_2	0	9.56435e-09	6.28378e-06	4.09168e-06	15	CGGGGGGGGGGGGGA	GGGGGGGGGGGGGGG	+	
filter7	FBgn0036179	1	1.9778e-08	1.29941e-05	6.34586e-06	15	CGGGGGGGGGGGGGA	GGGGGGGGGGGGGGGAAAAT	+	
filter7	FBgn0020309_2	0	2.54387e-08	1.67132e-05	6.5297e-06	15	CGGGGGGGGGGGGGA	GGGTGGGGGGGGGGG	+	
filter7	FBgn0020309	0	5.85448e-07	0.000384639	0.000125229	15	CGGGGGGGGGGGGGA	GGGGAGGGGGGGGGT	-	
filter7	FBgn0003002_3	1	8.1048e-06	0.00532485	0.00148598	14	CGGGGGGGGGGGGGA	CCGCGGGGGGTCTGG	-	
filter7	FBgn0003499	-1	4.43918e-05	0.0291654	0.00712166	14	CGGGGGGGGGGGGGA	GTGCGTGGGCGTGG	+	
filter7	FBgn0003499_2	-1	5.13653e-05	0.033747	0.00732479	14	CGGGGGGGGGGGGGA	GTGCGTGGGCGGGG	+	
filter7	FBgn0013469_2	-2	7.61604e-05	0.0500374	0.00927404	13	CGGGGGGGGGGGGGA	TGCGTGGGTGGGGGG	+	
filter7	FBgn0003002_2	-3	8.06667e-05	0.052998	0.00927404	12	CGGGGGGGGGGGGGA	CGGTGGGGGGGCT	-	
filter7	FBgn0039169	0	8.76174e-05	0.0575646	0.00927404	15	CGGGGGGGGGGGGGA	AGGGGGCGGGGCCAA	+	
filter7	FBgn0039039_2	1	9.39387e-05	0.0617177	0.00927404	14	CGGGGGGGGGGGGGA	TCTGTGGGGGGTCTG	+	
filter7	FBgn0003870_5	2	0.000141887	0.09322	0.0130072	13	CGGGGGGGGGGGGGA	TTTGGGGGTTGTTTT	-	
filter7	FBgn0039169_2	-1	0.000198646	0.13051	0.0169964	14	CGGGGGGGGGGGGGA	AGTGGGCGGGGCCAA	+	
filter7	FBgn0039039	0	0.0002709	0.177981	0.0217298	14	CGGGGGGGGGGGGGA	CTGTGGGGGGTCGT	+	
filter7	FBgn0005630_19	0	0.000294993	0.19381	0.0222705	15	CGGGGGGGGGGGGGA	GGTGGGGGGCTGGGG	+	
filter7	FBgn0000233	-4	0.000325663	0.21396	0.0232201	10	CGGGGGGGGGGGGGA	AGGGGGCGGA	+	
filter7	FBgn0034946_3	0	0.000375728	0.246853	0.0253797	14	CGGGGGGGGGGGGGA	GGGGGGCGTGGCCG	+	
filter7	FBgn0013469	-2	0.000459754	0.302059	0.0292989	11	CGGGGGGGGGGGGGA	TGCGTGGGTGG	+	
filter7	FBgn0020378_2	0	0.000485917	0.319248	0.0292989	14	CGGGGGGGGGGGGGA	AAGTGGGCGTGGCC	+	
filter7	FBgn0005630_5	-1	0.000524945	0.344889	0.0292989	9	CGGGGGGGGGGGGGA	ATTGGGGGG	-	
filter7	FBgn0033782_2	1	0.000525062	0.344966	0.0292989	14	CGGGGGGGGGGGGGA	TCCGCGGGGGGTCTG	+	
filter7	FBgn0035454_2	0	0.000595266	0.39109	0.0318323	15	CGGGGGGGGGGGGGA	GGTGGGTGTGGCTGG	+	
filter7	FBgn0034946_2	-1	0.000674223	0.442965	0.0346124	14	CGGGGGGGGGGGGGA	AGGTGGGCGTGGCTG	+	
filter7	FBgn0025679_2	-2	0.00070942	0.466089	0.0350186	13	CGGGGGGGGGGGGGA	GTAGGGGGCGTATC	+	
