Query_ID	Target_ID	Optimal_offset	p-value	E-value	q-value	Overlap	Query_consensus	Target_consensus	Orientation
filter2	FBgn0020309_2	2	1.34467e-07	8.83447e-05	0.00017082	13	CCCCCCCCCGGTGGT	CCCCCCCCCCCACCC	-
filter2	FBgn0038418_2	3	5.0039e-07	0.000328756	0.000317836	15	CCCCCCCCCGGTGGT	GTTCCCCTCCTTGTTTTGTGGGGGG	-
filter2	FBgn0020309	3	2.6092e-05	0.0171425	0.00833414	12	CCCCCCCCCGGTGGT	ACCCCCCCCCTCCCC	+
filter2	FBgn0036179	6	2.74341e-05	0.0180242	0.00833414	14	CCCCCCCCCGGTGGT	ATTATCCCCCCCCCCCCCCC	-
filter2	FBgn0004859_2	1	3.28025e-05	0.0215512	0.00833414	12	CCCCCCCCCGGTGGT	GACCACCCACGAC	+
filter2	FBgn0033782_2	3	5.00399e-05	0.0328762	0.00908119	12	CCCCCCCCCGGTGGT	CAGACCCCCCGCGGA	-
filter2	FBgn0039039_2	3	5.00399e-05	0.0328762	0.00908119	12	CCCCCCCCCGGTGGT	CAGACCCCCCACAGA	-
filter2	FBgn0005630_5	0	6.27229e-05	0.0412089	0.00936648	9	CCCCCCCCCGGTGGT	CCCCCCACT	+
filter2	FBgn0036179_2	3	6.63582e-05	0.0435974	0.00936648	12	CCCCCCCCCGGTGGT	CCCCCCCACCCCCTA	-
filter2	FBgn0033782	3	7.68325e-05	0.050479	0.00976043	11	CCCCCCCCCGGTGGT	AAGACCCCCCGCGG	-
filter2	FBgn0086910_2	4	0.000107652	0.0707276	0.0111907	11	CCCCCCCCCGGTGGT	CCCCCCCCCCCCCCC	-
filter2	FBgn0003870_5	4	0.000115238	0.0757115	0.0111907	11	CCCCCCCCCGGTGGT	AAAACAACCCCCAAA	+
filter2	FBgn0025679	1	0.00011733	0.0770857	0.0111907	7	CCCCCCCCCGGTGGT	ACGCCCCC	-
filter2	FBgn0003002_3	4	0.000123328	0.0810265	0.0111907	11	CCCCCCCCCGGTGGT	CCAGACCCCCCGCGG	+
filter2	FBgn0039039	3	0.000134053	0.0880726	0.0113529	11	CCCCCCCCCGGTGGT	ACGACCCCCCACAG	-
filter2	FBgn0025679_2	4	0.000188246	0.123678	0.0149462	10	CCCCCCCCCGGTGGT	GATACGCCCCCTAA	-
filter2	FBgn0040765_2	3	0.000262738	0.172619	0.0187544	11	CCCCCCCCCGGTGGT	GGCCACGCCCATTT	-
filter2	FBgn0003002	1	0.000265736	0.174589	0.0187544	11	CCCCCCCCCGGTGGT	GACCCCCCGCTG	+
filter2	FBgn0005630_24	1	0.000280646	0.184385	0.0187642	13	CCCCCCCCCGGTGGT	TGCACCACCGGGGG	+
filter2	FBgn0003499_2	3	0.000299702	0.196904	0.018809	11	CCCCCCCCCGGTGGT	CCCCGCCCACGCAC	-
filter2	FBgn0005630_19	6	0.000310929	0.20428	0.018809	9	CCCCCCCCCGGTGGT	CCCCAGCCCCCCACC	-
filter2	FBgn0039169	5	0.000331588	0.217853	0.019147	10	CCCCCCCCCGGTGGT	TTGGCCCCGCCCCCT	-
filter2	FBgn0003499	3	0.000388803	0.255443	0.0204081	11	CCCCCCCCCGGTGGT	CCCCGCCCACGCAC	-
filter2	FBgn0000233	1	0.000401475	0.263769	0.0204081	9	CCCCCCCCCGGTGGT	TCCGCCCCCT	-
filter2	FBgn0004914	3	0.000401624	0.263867	0.0204081	12	CCCCCCCCCGGTGGT	TGACCCCGCCAAAAA	+
filter2	FBgn0020378_2	3	0.000647207	0.425215	0.0316223	11	CCCCCCCCCGGTGGT	GGCCACGCCCACTT	-
filter2	FBgn0039169_2	4	0.000900427	0.59158	0.0423651	11	CCCCCCCCCGGTGGT	TTGGCCCCGCCCACT	-
filter2	FBgn0005630_30	1	0.000956659	0.628525	0.0434033	14	CCCCCCCCCGGTGGT	CCAAACCCTCACAAA	-
filter2	FBgn0003002_2	4	0.00100249	0.658634	0.0439141	9	CCCCCCCCCGGTGGT	ATCCCCCCCACCG	+
filter4	FBgn0020309_2	0	1.60138e-08	1.05211e-05	2.04881e-05	15	GCCCCCCCCCCCCGG	CCCCCCCCCCCACCC	-
filter4	FBgn0003002_3	1	8.27416e-08	5.43613e-05	5.29297e-05	14	GCCCCCCCCCCCCGG	CCAGACCCCCCGCGG	+
filter4	FBgn0039039_2	0	4.1277e-07	0.00027119	0.000132024	15	GCCCCCCCCCCCCGG	CAGACCCCCCACAGA	-
filter4	FBgn0086910_2	1	4.1277e-07	0.00027119	0.000132024	14	GCCCCCCCCCCCCGG	CCCCCCCCCCCCCCC	-
filter4	FBgn0036179_2	0	8.42629e-07	0.000553607	0.000199962	15	GCCCCCCCCCCCCGG	CCCCCCCACCCCCTA	-
filter4	FBgn0039039	0	1.09285e-06	0.000718003	0.000199962	14	GCCCCCCCCCCCCGG	ACGACCCCCCACAG	-
filter4	FBgn0033782_2	0	1.09406e-06	0.000718795	0.000199962	15	GCCCCCCCCCCCCGG	CAGACCCCCCGCGGA	-
filter4	FBgn0033782	0	1.41923e-06	0.000932437	0.000226971	14	GCCCCCCCCCCCCGG	AAGACCCCCCGCGG	-
filter4	FBgn0020309	1	2.34702e-06	0.00154199	0.000333641	14	GCCCCCCCCCCCCGG	ACCCCCCCCCTCCCC	+
filter4	FBgn0036179	4	4.60336e-06	0.00302441	0.000588952	15	GCCCCCCCCCCCCGG	ATTATCCCCCCCCCCCCCCC	-
filter4	FBgn0086910	4	7.61536e-06	0.00500329	0.000885733	15	GCCCCCCCCCCCCGG	ACACGTCCCCCCCCCCCCC	-
filter4	FBgn0003002_2	1	1.10999e-05	0.00729265	0.00118343	12	GCCCCCCCCCCCCGG	ATCCCCCCCACCG	+
filter4	FBgn0005630_19	1	2.64546e-05	0.0173806	0.00260353	14	GCCCCCCCCCCCCGG	CCCCAGCCCCCCACC	-
filter4	FBgn0003499_2	0	3.16856e-05	0.0208174	0.0028956	14	GCCCCCCCCCCCCGG	CCCCGCCCACGCAC	-
filter4	FBgn0003870_5	1	3.80576e-05	0.0250039	0.00296814	14	GCCCCCCCCCCCCGG	AAAACAACCCCCAAA	+
filter4	FBgn0025679_2	0	3.94392e-05	0.0259115	0.00296814	14	GCCCCCCCCCCCCGG	GATACGCCCCCTAA	-
filter4	FBgn0020378_2	1	3.94392e-05	0.0259115	0.00296814	13	GCCCCCCCCCCCCGG	GGCCACGCCCACTT	-
filter4	FBgn0003002	-2	4.52573e-05	0.029734	0.00321678	12	GCCCCCCCCCCCCGG	GACCCCCCGCTG	+
filter4	FBgn0013469_2	1	7.19825e-05	0.0472925	0.00484707	14	GCCCCCCCCCCCCGG	CCCCCCACCCACGCA	-
filter4	FBgn0003499	0	9.22912e-05	0.0606353	0.00562272	14	GCCCCCCCCCCCCGG	CCCCGCCCACGCAC	-
filter4	FBgn0034946_3	0	9.22912e-05	0.0606353	0.00562272	14	GCCCCCCCCCCCCGG	CGGCCACGCCCCCC	-
filter4	FBgn0035454_2	1	0.000101617	0.0667622	0.00565253	14	GCCCCCCCCCCCCGG	CCAGCCACACCCACC	-
filter4	FBgn0039169	2	0.000101617	0.0667622	0.00565253	13	GCCCCCCCCCCCCGG	TTGGCCCCGCCCCCT	-
filter4	FBgn0040765_2	-1	0.000130017	0.0854209	0.00693095	14	GCCCCCCCCCCCCGG	GGCCACGCCCATTT	-
filter4	FBgn0034946_2	0	0.000152399	0.100126	0.0073595	15	GCCCCCCCCCCCCGG	CAGCCACGCCCACCT	-
filter4	FBgn0005630_5	-4	0.000155001	0.101836	0.0073595	9	GCCCCCCCCCCCCGG	CCCCCCACT	+
filter4	FBgn0004859_2	-2	0.000155313	0.10204	0.0073595	13	GCCCCCCCCCCCCGG	GACCACCCACGAC	+
filter4	FBgn0020378	0	0.000163905	0.107685	0.00748926	11	GCCCCCCCCCCCCGG	GCCACGCCCAC	-
filter4	FBgn0039169_2	3	0.000174094	0.114379	0.00768051	12	GCCCCCCCCCCCCGG	TTGGCCCCGCCCACT	-
filter4	FBgn0000233	-2	0.000203302	0.133569	0.00867012	10	GCCCCCCCCCCCCGG	TCCGCCCCCT	-
filter4	FBgn0025679	-3	0.000211067	0.138671	0.00871092	8	GCCCCCCCCCCCCGG	ACGCCCCC	-
filter4	FBgn0034810_2	-1	0.00048618	0.319421	0.0194381	11	GCCCCCCCCCCCCGG	GGCCACGCCCA	-
filter4	FBgn0034810	-2	0.000575248	0.377938	0.0223021	12	GCCCCCCCCCCCCGG	GCCACGCCCATT	-
filter4	FBgn0013469	-1	0.000984931	0.6471	0.0370623	11	GCCCCCCCCCCCCGG	CCACCCACGCA	-
filter7	FBgn0003870	0	3.41909e-16	2.24634e-13	4.47059e-13	9	AAGGATAATCTCCCC	AAGGATAAT	+
filter7	FBgn0003870_6	0	1.84799e-06	0.00121413	0.00120816	11	AAGGATAATCTCCCC	AAGGACACCCC	+
filter7	FBgn0003870_3	0	0.0001069	0.0702335	0.0465921	7	AAGGATAATCTCCCC	AAGGACA	+

# Tomtom (Motif Comparison Tool): Version 5.5.5 compiled on Apr 13 2024 at 23:04:11
# The format of this file is described at https://meme-suite.org/meme/doc/tomtom-output-format.html.
# tomtom -dist ed -thresh 0.05 -oc /users/jcurrie2/data_koconno5/jcurrie2/satori/simulated_results/pwm_simple/Motif_Analysis/tomtom /users/jcurrie2/data_koconno5/jcurrie2/satori/simulated_results/pwm_simple/Motif_Analysis/filters_meme.txt /users/jcurrie2/data_koconno5/jcurrie2/MEME/fly_factor_survey_with_clamp.meme
