filter0	FBgn0086910	-2	1.29442e-08	8.50436e-06	1.65791e-05	13	TAAGGGAGTGGGGGG	GGGGGGGGGGGGGACGTGT	+	
filter0	FBgn0036179_2	-1	8.83319e-08	5.8034e-05	5.65681e-05	14	TAAGGGAGTGGGGGG	TAGGGGGTGGGGGGG	+	
filter0	FBgn0086910_2	-2	2.84032e-06	0.00186609	0.00118852	13	TAAGGGAGTGGGGGG	GGGGGGGGGGGGGGG	+	
filter0	FBgn0036179	0	3.71179e-06	0.00243865	0.00118852	15	TAAGGGAGTGGGGGG	GGGGGGGGGGGGGGGAAAAT	+	
filter0	FBgn0020309_2	-1	4.91519e-06	0.00322928	0.00122377	14	TAAGGGAGTGGGGGG	GGGTGGGGGGGGGGG	+	
filter0	FBgn0035454_2	0	5.7328e-06	0.00376645	0.00122377	15	TAAGGGAGTGGGGGG	GGTGGGTGTGGCTGG	+	
filter0	FBgn0020309	-2	1.62839e-05	0.0106986	0.00297952	13	TAAGGGAGTGGGGGG	GGGGAGGGGGGGGGT	-	
filter0	FBgn0034946_3	0	8.73638e-05	0.057398	0.013987	14	TAAGGGAGTGGGGGG	GGGGGGCGTGGCCG	+	
filter0	FBgn0040765_2	1	0.000113771	0.0747473	0.0153323	13	TAAGGGAGTGGGGGG	AAATGGGCGTGGCC	+	
filter0	FBgn0013469_2	0	0.000119708	0.0786481	0.0153323	15	TAAGGGAGTGGGGGG	TGCGTGGGTGGGGGG	+	
filter0	FBgn0005630_5	-6	0.000166073	0.10911	0.0193371	9	TAAGGGAGTGGGGGG	ATTGGGGGG	-	
filter0	FBgn0034810	0	0.000189104	0.124242	0.0201839	12	TAAGGGAGTGGGGGG	GTTGGGCGTGGC	+	
filter0	FBgn0003870_5	0	0.00021325	0.140105	0.0210102	15	TAAGGGAGTGGGGGG	TTTGGGGGTTGTTTT	-	
filter0	FBgn0034810_2	-2	0.000283265	0.186105	0.0248317	11	TAAGGGAGTGGGGGG	TGGGCGTGGCC	+	
filter0	FBgn0003499_2	-3	0.000296243	0.194632	0.0248317	12	TAAGGGAGTGGGGGG	GTGCGTGGGCGGGG	+	
filter0	FBgn0034946_2	1	0.000310201	0.203802	0.0248317	14	TAAGGGAGTGGGGGG	AGGTGGGCGTGGCTG	+	
filter0	FBgn0025679_2	0	0.000483454	0.31763	0.0364243	14	TAAGGGAGTGGGGGG	GTAGGGGGCGTATC	+	
filter0	FBgn0003499	-3	0.00054525	0.358229	0.0386127	12	TAAGGGAGTGGGGGG	GTGCGTGGGCGTGG	+	
filter0	FBgn0003002_2	-5	0.000572795	0.376327	0.0386127	10	TAAGGGAGTGGGGGG	CGGTGGGGGGGCT	-	
filter0	FBgn0013469	-4	0.000607082	0.398853	0.0388778	11	TAAGGGAGTGGGGGG	TGCGTGGGTGG	+	
filter0	FBgn0039169	0	0.000680194	0.446888	0.0414856	15	TAAGGGAGTGGGGGG	AGGGGGCGGGGCCAA	+	
filter0	FBgn0035454	-1	0.000730714	0.480079	0.0425411	11	TAAGGGAGTGGGGGG	GTGGGTGTGGC	+	
filter1	FBgn0086910	1	3.59494e-08	2.36187e-05	4.62415e-05	15	GGGGGGGGAGGGCTT	GGGGGGGGGGGGGACGTGT	+	
filter1	FBgn0036179_2	2	1.91609e-06	0.00125887	0.000866913	13	GGGGGGGGAGGGCTT	TAGGGGGTGGGGGGG	+	
filter1	FBgn0036179	3	2.02188e-06	0.00132838	0.000866913	15	GGGGGGGGAGGGCTT	GGGGGGGGGGGGGGGAAAAT	+	
filter1	FBgn0086910_2	1	4.99052e-06	0.00327877	0.00160482	14	GGGGGGGGAGGGCTT	GGGGGGGGGGGGGGG	+	
filter1	FBgn0020309_2	2	7.92112e-06	0.00520418	0.00186014	13	GGGGGGGGAGGGCTT	GGGTGGGGGGGGGGG	+	
filter1	FBgn0020309	1	8.67673e-06	0.00570061	0.00186014	14	GGGGGGGGAGGGCTT	GGGGAGGGGGGGGGT	-	
filter1	FBgn0005630_19	-1	2.3002e-05	0.0151123	0.00422677	14	GGGGGGGGAGGGCTT	GGTGGGGGGCTGGGG	+	
filter1	FBgn0039169	0	0.000177428	0.11657	0.0253344	15	GGGGGGGGAGGGCTT	AGGGGGCGGGGCCAA	+	
filter1	FBgn0003870_5	0	0.000206929	0.135952	0.0253344	15	GGGGGGGGAGGGCTT	TTTGGGGGTTGTTTT	-	
filter1	FBgn0039169_2	0	0.000223357	0.146746	0.0253344	15	GGGGGGGGAGGGCTT	AGTGGGCGGGGCCAA	+	
filter1	FBgn0003002_3	0	0.000223357	0.146746	0.0253344	15	GGGGGGGGAGGGCTT	CCGCGGGGGGTCTGG	-	
filter1	FBgn0025679_2	0	0.000236348	0.15528	0.0253344	14	GGGGGGGGAGGGCTT	GTAGGGGGCGTATC	+	
filter1	FBgn0039039_2	0	0.000259969	0.1708	0.0257228	15	GGGGGGGGAGGGCTT	TCTGTGGGGGGTCTG	+	
filter1	FBgn0003499_2	0	0.000298597	0.196178	0.0274345	14	GGGGGGGGAGGGCTT	GTGCGTGGGCGGGG	+	
filter1	FBgn0034946_3	0	0.000348302	0.228834	0.0298679	14	GGGGGGGGAGGGCTT	GGGGGGCGTGGCCG	+	
filter1	FBgn0004859_2	0	0.000443267	0.291226	0.0356268	13	GGGGGGGGAGGGCTT	GTCGTGGGTGGTC	-	
filter1	FBgn0035454_2	0	0.000470853	0.30935	0.0356268	15	GGGGGGGGAGGGCTT	GGTGGGTGTGGCTGG	+	
filter1	FBgn0013469_2	0	0.000506406	0.332709	0.0361882	15	GGGGGGGGAGGGCTT	TGCGTGGGTGGGGGG	+	
filter1	FBgn0000233	-2	0.00056921	0.373971	0.0385353	10	GGGGGGGGAGGGCTT	AGGGGGCGGA	+	
filter1	FBgn0003002_2	-1	0.000600647	0.394625	0.0386304	13	GGGGGGGGAGGGCTT	CGGTGGGGGGGCT	-	
filter1	FBgn0020378_2	-1	0.000635453	0.417492	0.0389228	14	GGGGGGGGAGGGCTT	AAGTGGGCGTGGCC	+	
filter6	FBgn0086910	-1	4.04754e-12	2.65924e-09	5.19062e-09	14	GGGGGGGGGGGGGGA	GGGGGGGGGGGGGACGTGT	+	
filter6	FBgn0036179	1	9.35118e-10	6.14373e-07	5.28573e-07	15	GGGGGGGGGGGGGGA	GGGGGGGGGGGGGGGAAAAT	+	
filter6	FBgn0036179_2	0	1.23651e-09	8.12389e-07	5.28573e-07	15	GGGGGGGGGGGGGGA	TAGGGGGTGGGGGGG	+	
filter6	FBgn0020309_2	0	3.01146e-09	1.97853e-06	9.65483e-07	15	GGGGGGGGGGGGGGA	GGGTGGGGGGGGGGG	+	
filter6	FBgn0086910_2	0	8.6757e-09	5.69994e-06	2.22517e-06	15	GGGGGGGGGGGGGGA	GGGGGGGGGGGGGGG	+	
filter6	FBgn0020309	0	1.07271e-07	7.04772e-05	2.29277e-05	15	GGGGGGGGGGGGGGA	GGGGAGGGGGGGGGT	-	
filter6	FBgn0003002_3	1	4.82947e-06	0.00317296	0.000884768	14	GGGGGGGGGGGGGGA	CCGCGGGGGGTCTGG	-	
filter6	FBgn0039169	0	2.2213e-05	0.014594	0.00356079	15	GGGGGGGGGGGGGGA	AGGGGGCGGGGCCAA	+	
filter6	FBgn0039039_2	1	7.043e-05	0.0462725	0.0085765	14	GGGGGGGGGGGGGGA	TCTGTGGGGGGTCTG	+	
filter6	FBgn0003499	-1	7.51401e-05	0.049367	0.0085765	14	GGGGGGGGGGGGGGA	GTGCGTGGGCGTGG	+	
filter6	FBgn0003002_2	-3	7.82323e-05	0.0513986	0.0085765	12	GGGGGGGGGGGGGGA	CGGTGGGGGGGCT	-	
filter6	FBgn0003499_2	-1	8.02535e-05	0.0527265	0.0085765	14	GGGGGGGGGGGGGGA	GTGCGTGGGCGGGG	+	
filter6	FBgn0013469_2	0	9.76268e-05	0.0641408	0.00949609	15	GGGGGGGGGGGGGGA	TGCGTGGGTGGGGGG	+	
filter6	FBgn0039169_2	0	0.000104145	0.0684231	0.00949609	15	GGGGGGGGGGGGGGA	AGTGGGCGGGGCCAA	+	
filter6	FBgn0005630_19	0	0.000111073	0.072975	0.00949609	15	GGGGGGGGGGGGGGA	GGTGGGGGGCTGGGG	+	
filter6	FBgn0034946_3	0	0.000134777	0.0885485	0.0108025	14	GGGGGGGGGGGGGGA	GGGGGGCGTGGCCG	+	
filter6	FBgn0039039	0	0.000143654	0.0943809	0.0108367	14	GGGGGGGGGGGGGGA	CTGTGGGGGGTCGT	+	
filter6	FBgn0035454_2	0	0.000222338	0.146076	0.0158405	15	GGGGGGGGGGGGGGA	GGTGGGTGTGGCTGG	+	
filter6	FBgn0020378_2	0	0.000252554	0.165928	0.0170462	14	GGGGGGGGGGGGGGA	AAGTGGGCGTGGCC	+	
filter6	FBgn0033782_2	1	0.000321135	0.210985	0.0205913	14	GGGGGGGGGGGGGGA	TCCGCGGGGGGTCTG	+	
filter6	FBgn0005630_5	-1	0.000380909	0.250257	0.0225599	9	GGGGGGGGGGGGGGA	ATTGGGGGG	-	
filter6	FBgn0025679_2	0	0.000387019	0.254271	0.0225599	14	GGGGGGGGGGGGGGA	GTAGGGGGCGTATC	+	
filter6	FBgn0003870_5	2	0.000433784	0.284996	0.0241865	13	GGGGGGGGGGGGGGA	TTTGGGGGTTGTTTT	-	
filter6	FBgn0000233	-4	0.000471808	0.309978	0.0250597	10	GGGGGGGGGGGGGGA	AGGGGGCGGA	+	
filter6	FBgn0034946_2	-1	0.000488527	0.320962	0.0250597	14	GGGGGGGGGGGGGGA	AGGTGGGCGTGGCTG	+	
filter6	FBgn0013469	-2	0.000547959	0.360009	0.0270273	11	GGGGGGGGGGGGGGA	TGCGTGGGTGG	+	
filter6	FBgn0025679	-5	0.000744602	0.489203	0.0353662	8	GGGGGGGGGGGGGGA	GGGGGCGT	+	
filter6	FBgn0040765_2	0	0.000832491	0.546947	0.0381285	14	GGGGGGGGGGGGGGA	AAATGGGCGTGGCC	+	
filter6	FBgn0033782	0	0.00098868	0.649563	0.0437205	14	GGGGGGGGGGGGGGA	CCGCGGGGGGTCTT	+	
filter7	FBgn0003870	-5	3.08688e-15	2.02808e-12	3.99257e-12	9	TCGCGAAGGATAATT	AAGGATAAT	+	
filter7	FBgn0003870_6	-5	2.32833e-05	0.0152971	0.0150573	10	TCGCGAAGGATAATT	AAGGACACCCC	+	
filter7	FBgn0005630_22	-1	4.08472e-05	0.0268366	0.0176106	14	TCGCGAAGGATAATT	AACCCAACATAAAAA	-	
filter7	FBgn0003870_3	-5	0.000114526	0.0752433	0.0370319	7	TCGCGAAGGATAATT	AAGGACA	+	
