filter1	FBgn0036179	3	5.26336e-10	3.45803e-07	6.73922e-07	15	GGGGGGGGGGGGACG	GGGGGGGGGGGGGGGAAAAT	+	
filter1	FBgn0086910	1	1.75829e-09	1.1552e-06	1.12566e-06	15	GGGGGGGGGGGGACG	GGGGGGGGGGGGGACGTGT	+	
filter1	FBgn0020309_2	1	3.02452e-08	1.98711e-05	1.29087e-05	14	GGGGGGGGGGGGACG	GGGTGGGGGGGGGGG	+	
filter1	FBgn0036179_2	3	1.29343e-07	8.49782e-05	3.61505e-05	12	GGGGGGGGGGGGACG	TAGGGGGTGGGGGGG	+	
filter1	FBgn0086910_2	2	1.41168e-07	9.27477e-05	3.61505e-05	13	GGGGGGGGGGGGACG	GGGGGGGGGGGGGGG	+	
filter1	FBgn0020309	-1	1.31537e-06	0.000864197	0.0002807	14	GGGGGGGGGGGGACG	GGGGAGGGGGGGGGT	-	
filter1	FBgn0003002_3	0	1.61111e-05	0.010585	0.0027504	15	GGGGGGGGGGGGACG	CCGCGGGGGGTCTGG	-	
filter1	FBgn0034946_3	-1	1.71846e-05	0.0112903	0.0027504	14	GGGGGGGGGGGGACG	GGGGGGCGTGGCCG	+	
filter1	FBgn0005630_19	-1	2.27176e-05	0.0149255	0.00323196	14	GGGGGGGGGGGGACG	GGTGGGGGGCTGGGG	+	
filter1	FBgn0034946_2	0	3.40492e-05	0.0223703	0.00435967	15	GGGGGGGGGGGGACG	AGGTGGGCGTGGCTG	+	
filter1	FBgn0013469_2	0	4.15573e-05	0.0273031	0.00483728	15	GGGGGGGGGGGGACG	TGCGTGGGTGGGGGG	+	
filter1	FBgn0039039	-2	4.77185e-05	0.0313511	0.00494199	13	GGGGGGGGGGGGACG	CTGTGGGGGGTCGT	+	
filter1	FBgn0039039_2	0	5.40361e-05	0.0355017	0.00494199	15	GGGGGGGGGGGGACG	TCTGTGGGGGGTCTG	+	
filter1	FBgn0039169_2	-1	5.40361e-05	0.0355017	0.00494199	14	GGGGGGGGGGGGACG	AGTGGGCGGGGCCAA	+	
filter1	FBgn0033782_2	0	6.56469e-05	0.04313	0.0052534	15	GGGGGGGGGGGGACG	TCCGCGGGGGGTCTG	+	
filter1	FBgn0039169	-1	6.56469e-05	0.04313	0.0052534	14	GGGGGGGGGGGGACG	AGGGGGCGGGGCCAA	+	
filter1	FBgn0020378_2	-1	8.05284e-05	0.0529072	0.00606217	14	GGGGGGGGGGGGACG	AAGTGGGCGTGGCC	+	
filter1	FBgn0005630_5	-2	8.52225e-05	0.0559912	0.00606217	9	GGGGGGGGGGGGACG	ATTGGGGGG	-	
filter1	FBgn0025679_2	0	0.000104056	0.0683646	0.00666166	14	GGGGGGGGGGGGACG	GTAGGGGGCGTATC	+	
filter1	FBgn0033782	-2	0.000104056	0.0683646	0.00666166	13	GGGGGGGGGGGGACG	CCGCGGGGGGTCTT	+	
filter1	FBgn0003870_5	0	0.00013184	0.0866188	0.00803848	15	GGGGGGGGGGGGACG	TTTGGGGGTTGTTTT	-	
filter1	FBgn0003002_2	0	0.000153483	0.100838	0.0089327	13	GGGGGGGGGGGGACG	CGGTGGGGGGGCT	-	
filter1	FBgn0035454_2	-1	0.000202819	0.133252	0.0112909	14	GGGGGGGGGGGGACG	GGTGGGTGTGGCTGG	+	
filter1	FBgn0003499	-1	0.000263943	0.173411	0.0135181	14	GGGGGGGGGGGGACG	GTGCGTGGGCGTGG	+	
filter1	FBgn0003499_2	0	0.000263943	0.173411	0.0135181	14	GGGGGGGGGGGGACG	GTGCGTGGGCGGGG	+	
filter1	FBgn0025679	-4	0.000291247	0.191349	0.0143428	8	GGGGGGGGGGGGACG	GGGGGCGT	+	
filter1	FBgn0040765_2	0	0.000335669	0.220535	0.0159182	14	GGGGGGGGGGGGACG	AAATGGGCGTGGCC	+	
filter1	FBgn0000233	-2	0.000484226	0.318137	0.022143	10	GGGGGGGGGGGGACG	AGGGGGCGGA	+	
filter1	FBgn0034810_2	-3	0.000641133	0.421224	0.0283072	11	GGGGGGGGGGGGACG	TGGGCGTGGCC	+	
filter1	FBgn0020378	-3	0.000768163	0.504683	0.0322357	11	GGGGGGGGGGGGACG	GTGGGCGTGGC	+	
filter1	FBgn0004859_2	-1	0.000780463	0.512764	0.0322357	13	GGGGGGGGGGGGACG	GTCGTGGGTGGTC	-	
filter1	FBgn0013469	-1	0.000974613	0.640321	0.0389967	11	GGGGGGGGGGGGACG	TGCGTGGGTGG	+	
filter1	FBgn0034946	-2	0.00109641	0.720341	0.0425407	11	GGGGGGGGGGGGACG	GTGGGCGTGGC	+	
filter1	FBgn0034810	-1	0.00119188	0.783068	0.044885	12	GGGGGGGGGGGGACG	GTTGGGCGTGGC	+	
filter1	FBgn0003002	-2	0.00126151	0.828812	0.0461497	12	GGGGGGGGGGGGACG	CAGCGGGGGGTC	-	
filter4	FBgn0032979	-1	3.25969e-13	2.14162e-10	4.28323e-10	14	CGAGCGAGCGAGAGA	GAGCGAGCGAGAGA	+	
filter5	FBgn0003870	1	3.73977e-09	2.45703e-06	4.87862e-06	8	AGGATAATTGGGGGG	AAGGATAAT	+	
filter5	FBgn0003870_6	1	1.02679e-05	0.00674598	0.00669733	10	AGGATAATTGGGGGG	AAGGACACCCC	+	
filter7	FBgn0086910	-1	3.72908e-15	2.45e-12	4.78596e-12	14	AGGGGGGGGGGGGGA	GGGGGGGGGGGGGACGTGT	+	
filter7	FBgn0036179_2	0	2.50445e-10	1.64543e-07	1.60713e-07	15	AGGGGGGGGGGGGGA	TAGGGGGTGGGGGGG	+	
filter7	FBgn0036179	1	2.74961e-09	1.80649e-06	1.1763e-06	15	AGGGGGGGGGGGGGA	GGGGGGGGGGGGGGGAAAAT	+	
filter7	FBgn0086910_2	-1	8.60273e-09	5.65199e-06	2.76022e-06	14	AGGGGGGGGGGGGGA	GGGGGGGGGGGGGGG	+	
filter7	FBgn0020309_2	0	1.31557e-08	8.64328e-06	3.37685e-06	15	AGGGGGGGGGGGGGA	GGGTGGGGGGGGGGG	+	
filter7	FBgn0020309	-2	7.04681e-07	0.000462975	0.000150733	13	AGGGGGGGGGGGGGA	GGGGAGGGGGGGGGT	-	
filter7	FBgn0003002_3	1	1.67437e-05	0.0110006	0.00306987	14	AGGGGGGGGGGGGGA	CCGCGGGGGGTCTGG	-	
filter7	FBgn0039169	-1	3.94859e-05	0.0259422	0.00633461	14	AGGGGGGGGGGGGGA	AGGGGGCGGGGCCAA	+	
filter7	FBgn0003499_2	-1	8.36308e-05	0.0549454	0.0111889	14	AGGGGGGGGGGGGGA	GTGCGTGGGCGGGG	+	
filter7	FBgn0039169_2	-1	9.58986e-05	0.0630054	0.0111889	14	AGGGGGGGGGGGGGA	AGTGGGCGGGGCCAA	+	
filter7	FBgn0005630_19	-3	9.58986e-05	0.0630054	0.0111889	12	AGGGGGGGGGGGGGA	GGTGGGGGGCTGGGG	+	
filter7	FBgn0003002_2	-3	0.000107113	0.0703733	0.0114559	12	AGGGGGGGGGGGGGA	CGGTGGGGGGGCT	-	
filter7	FBgn0003499	-1	0.000116842	0.0767649	0.0115351	14	AGGGGGGGGGGGGGA	GTGCGTGGGCGTGG	+	
filter7	FBgn0013469_2	-2	0.000152013	0.0998724	0.0139354	13	AGGGGGGGGGGGGGA	TGCGTGGGTGGGGGG	+	
filter7	FBgn0039039_2	1	0.000173029	0.11368	0.0148046	14	AGGGGGGGGGGGGGA	TCTGTGGGGGGTCTG	+	
filter7	FBgn0020378_2	0	0.000197009	0.129435	0.0158028	14	AGGGGGGGGGGGGGA	AAGTGGGCGTGGCC	+	
filter7	FBgn0039039	0	0.000254373	0.167123	0.0192039	14	AGGGGGGGGGGGGGA	CTGTGGGGGGTCGT	+	
filter7	FBgn0034946_3	-1	0.000288643	0.189639	0.0205805	14	AGGGGGGGGGGGGGA	GGGGGGCGTGGCCG	+	
filter7	FBgn0003870_5	2	0.000326091	0.214242	0.0220269	13	AGGGGGGGGGGGGGA	TTTGGGGGTTGTTTT	-	
filter7	FBgn0000233	-4	0.000441718	0.290208	0.0275271	10	AGGGGGGGGGGGGGA	AGGGGGCGGA	+	
filter7	FBgn0034946_2	0	0.000471862	0.310013	0.0275271	15	AGGGGGGGGGGGGGA	AGGTGGGCGTGGCTG	+	
filter7	FBgn0035454_2	1	0.000471862	0.310013	0.0275271	14	AGGGGGGGGGGGGGA	GGTGGGTGTGGCTGG	+	
filter7	FBgn0005630_5	-4	0.000496283	0.326058	0.0276929	9	AGGGGGGGGGGGGGA	ATTGGGGGG	-	
filter7	FBgn0025679_2	-2	0.000535736	0.351978	0.0286488	13	AGGGGGGGGGGGGGA	GTAGGGGGCGTATC	+	
filter7	FBgn0033782_2	-2	0.000638195	0.419294	0.0316998	13	AGGGGGGGGGGGGGA	TCCGCGGGGGGTCTG	+	
filter7	FBgn0040765_2	0	0.000642187	0.421917	0.0316998	14	AGGGGGGGGGGGGGA	AAATGGGCGTGGCC	+	
filter7	FBgn0013469	-2	0.000723336	0.475232	0.034383	11	AGGGGGGGGGGGGGA	TGCGTGGGTGG	+	
filter7	FBgn0025679	-5	0.00102409	0.672828	0.0469406	8	AGGGGGGGGGGGGGA	GGGGGCGT	+	
filter7	FBgn0033782	-3	0.0010934	0.718364	0.0483893	12	AGGGGGGGGGGGGGA	CCGCGGGGGGTCTT	+	
